{"cameraMode":{"drawMode":0,"name":"Shaded","section":"Shading Mode"},"sceneLighting":false,"audioPlay":false,"sceneViewState":{"m_AlwaysRefresh":false,"showFog":true,"showSkybox":false,"showFlares":true,"showImageEffects":false,"showParticleSystems":true,"showVisualEffectGraphs":true,"m_FxEnabled":true},"in2DMode":false,"pivot":{"x":1.0510696172714234,"y":-0.18976207077503205,"z":-0.058106690645217898},"rotation":{"x":0.06249525398015976,"y":0.745887041091919,"z":-0.07069694250822067,"w":0.6593561768531799},"size":0.8835058212280273,"orthographic":false}