{"cameraMode":{"drawMode":0,"name":"Shaded","section":"Shading Mode"},"sceneLighting":false,"audioPlay":false,"sceneViewState":{"m_AlwaysRefresh":false,"showFog":true,"showSkybox":false,"showFlares":true,"showImageEffects":false,"showParticleSystems":true,"showVisualEffectGraphs":true,"m_FxEnabled":true},"in2DMode":false,"pivot":{"x":58.90009689331055,"y":54.096092224121097,"z":71.07513427734375},"rotation":{"x":0.004736799281090498,"y":-0.9771766662597656,"z":0.21134541928768159,"w":0.021975282579660417},"size":2.304659128189087,"orthographic":false}