{"cameraMode":{"drawMode":0,"name":"Shaded","section":"Shading Mode"},"sceneLighting":true,"audioPlay":false,"sceneViewState":{"m_AlwaysRefresh":false,"showFog":true,"showSkybox":true,"showFlares":true,"showImageEffects":false,"showParticleSystems":true,"showVisualEffectGraphs":true,"m_FxEnabled":true},"in2DMode":false,"pivot":{"x":65.58247375488281,"y":53.983577728271487,"z":66.61465454101563},"rotation":{"x":-0.19110025465488435,"y":0.016781598329544069,"z":-0.0032692800741642715,"w":-0.9814289808273315},"size":26.041841506958009,"orthographic":false}