{"cameraMode":{"drawMode":0,"name":"Shaded","section":"Shading Mode"},"sceneLighting":true,"audioPlay":false,"sceneViewState":{"m_AlwaysRefresh":false,"showFog":true,"showSkybox":true,"showFlares":true,"showImageEffects":false,"showParticleSystems":true,"showVisualEffectGraphs":true,"m_FxEnabled":true},"in2DMode":false,"pivot":{"x":63.96402359008789,"y":38.07558059692383,"z":88.89718627929688},"rotation":{"x":-0.2826153635978699,"y":-0.0029251675587147476,"z":0.0007187979063019156,"w":-0.9592977166175842},"size":17.84650993347168,"orthographic":false}